parent,child
service_0,rpc_0_server
service_1,rpc_1_server
service_2,rpc_2_server
service_3,rpc_3_server
service_4,rpc_4_server
service_5,rpc_5_server
service_6,rpc_6_server
service_7,rpc_7_server
service_8,rpc_8_server
service_9,rpc_9_server
service_0,rpc_1_client
service_1,rpc_2_client
service_2,rpc_3_client
service_3,rpc_4_client
service_4,rpc_5_client
service_5,rpc_6_client
service_6,rpc_7_client
service_7,rpc_8_client
service_8,rpc_9_client
rpc_1_client,rpc_0_server
rpc_2_client,rpc_1_server
rpc_3_client,rpc_2_server
rpc_4_client,rpc_3_server
rpc_5_client,rpc_4_server
rpc_6_client,rpc_5_server
rpc_7_client,rpc_6_server
rpc_8_client,rpc_7_server
rpc_9_client,rpc_8_server
rpc_1_server,rpc_1_client
rpc_2_server,rpc_2_client
rpc_3_server,rpc_3_client
rpc_4_server,rpc_4_client
rpc_5_server,rpc_5_client
rpc_6_server,rpc_6_client
rpc_7_server,rpc_7_client
rpc_8_server,rpc_8_client
rpc_9_server,rpc_9_client